<?xml version="1.0" encoding="UTF-8"?>

<mule xmlns:http="http://www.mulesoft.org/schema/mule/http"
	xmlns="http://www.mulesoft.org/schema/mule/core" xmlns:doc="http://www.mulesoft.org/schema/mule/documentation"
	xmlns:xsi="http://www.w3.org/2001/XMLSchema-instance"
	xsi:schemaLocation="
http://www.mulesoft.org/schema/mule/http http://www.mulesoft.org/schema/mule/http/current/mule-http.xsd http://www.mulesoft.org/schema/mule/core http://www.mulesoft.org/schema/mule/core/current/mule.xsd">


	<configuration-properties doc:name="Configuration properties" doc:id="f466db8b-d689-49cb-8940-84ab2c032bcc" file="${env}-properties.yaml" />


	<http:listener-config name="HTTP_Listener_config" doc:name="HTTP Listener config" doc:id="75d364ba-545d-447c-995e-283f191a4a6c" >
		<http:listener-connection host="${http.host}" port="${http.port}" />
	</http:listener-config>
	<http:request-config name="American_HTTP_Request_connector" doc:name="HTTP Request configuration" doc:id="7cc38f05-fa49-47d8-aff4-bc8190289a2c" >
		<http:request-connection host="${american.host}" port="${american.port}" />
	</http:request-config>
	<http:request-config name="Localhost_HTTP_Request_connector" doc:name="HTTP Request configuration" doc:id="0aa1c69b-264d-46bb-ab9f-a0414c4dd3fe" >
		<http:request-connection host="${http.host}" port="${http.port}" />
	</http:request-config>
	<global-property doc:name="Global Property" doc:id="eeddb975-3588-4808-9787-9c86da211fa9" name="env" value="dev" />





</mule>
