<?xml version="1.0" encoding="UTF-8"?>

<mule xmlns:ee="http://www.mulesoft.org/schema/mule/ee/core" xmlns:http="http://www.mulesoft.org/schema/mule/http"
	xmlns="http://www.mulesoft.org/schema/mule/core"
	xmlns:doc="http://www.mulesoft.org/schema/mule/documentation" xmlns:xsi="http://www.w3.org/2001/XMLSchema-instance" xsi:schemaLocation="http://www.mulesoft.org/schema/mule/core http://www.mulesoft.org/schema/mule/core/current/mule.xsd
http://www.mulesoft.org/schema/mule/http http://www.mulesoft.org/schema/mule/http/current/mule-http.xsd
http://www.mulesoft.org/schema/mule/ee/core http://www.mulesoft.org/schema/mule/ee/core/current/mule-ee.xsd">



	<flow name="initialize" doc:id="304b28bc-0558-4593-aebe-004ab8d04b8c" >
		<http:listener doc:name="HTTP: GET /flights" doc:id="6d185fbd-aa8a-4c51-81b3-15b0f97f638a" config-ref="HTTP_Listener_config" path="/flights"/>
		<set-variable value="#[attributes.queryParams.destination]" doc:name="destination" doc:id="69ed4dd8-a3af-48f8-ace3-9905083273c8" variableName="destination"/>
		<set-variable value="#[attributes.headers.'requester-id']" doc:name="requester-id" doc:id="407d2644-91e6-4a16-b4db-e65cf73d7772" variableName="requester-id" />
		<http:request method="${american.op}" doc:name="HTTP: GET /american/{destination}" doc:id="59d3e19a-1001-48f8-9c35-400ebe0d6fa6" config-ref="American_HTTP_Request_connector" path="${american.path}/{destination}">
			<http:headers ><![CDATA[#[output application/java
---
{
	"requester-id" : vars.'requester-id'
}]]]></http:headers>
			<http:uri-params ><![CDATA[#[output application/java
---
{
	"destination" : attributes.queryParams.destination
}]]]></http:uri-params>
		</http:request>
		<set-variable value="#[payload]" doc:name="payload-GET" doc:id="05ff4f5c-30fa-4d71-b422-af82262196d4" variableName="payload-GET"/>
		<async doc:name="Async" doc:id="a89c7d11-9373-4cb1-96a4-473ea6f15f98" >
			<http:request method="${local.op}" doc:name="HTTP: POST /processData" doc:id="c50f7456-dae5-4a79-91b5-028885969b09" config-ref="Localhost_HTTP_Request_connector" path="${local.path}" responseTimeout="300000">
			<http:headers><![CDATA[#[output application/java
---
{
	"requester-id" : vars.'requester-id',
	"date" : attributes.headers.'date',
	"destination" : vars.'destination'
}]]]></http:headers>
		</http:request>
		</async>
		<set-payload value="#[output application/json ---
{
    &quot;payload-GET&quot;: vars.'payload-GET',
	&quot;payload-PROCESS&quot;: payload,
    &quot;destination-process&quot;: vars.destination,
    &quot;requesterID-process&quot;: vars.'requester-id'
}]" doc:name="final summary" doc:id="68c44115-a04b-420b-8fe9-aa83f6d5c305" />
	
</flow>
	<flow name="mockData" doc:id="578be7bc-ce05-493e-9385-ef388dbcc6b8" >
		<set-payload value='[
        {
            "planeType": "Boeing 737",
            "code2": "1093",
            "toAirport": "SFO",
            "takeOffDate": "2015-02-11",
            "fromAirport": "MUA",
            "price": 142,
            "airlineName": "American Airlines",
            "seatsAvailable": "1",
            "code1": "rree"
        },
        {
            "planeType": "Boeing 777",
            "code2": "1994",
            "toAirport": "SFO",
            "takeOffDate": "2015-01-01",
            "fromAirport": "MUA",
            "price": 676,
            "airlineName": "American Airlines",
            "seatsAvailable": "none",
            "code1": "rree"
        },
        {
            "planeType": "Boeing 737",
            "code2": "2000",
            "toAirport": "SFO",
            "takeOffDate": "2015-02-20",
            "fromAirport": "MUA",
            "price": 300,
            "airlineName": "American Airlines",
            "seatsAvailable": "30",
            "code1": "rree"
        },
        {
            "planeType": "Boeing 737",
            "code2": "3000",
            "toAirport": "SFO",
            "takeOffDate": "2015-02-01",
            "fromAirport": "MUA",
            "price": 900,
            "airlineName": "American Airlines",
            "seatsAvailable": "none",
            "code1": "rree"
        },
        {
            "planeType": "Boeing 737",
            "code2": "4567",
            "toAirport": "SFO",
            "takeOffDate": "2015-01-20",
            "fromAirport": "MUA",
            "price": 456,
            "airlineName": "American Airlines",
            "seatsAvailable": "100",
            "code1": "rree"
        }
    ]' doc:name="flights" doc:id="71c10e25-6deb-4850-9659-a1615d4e75ec" mimeType="application/json" />
	</flow>
	<flow name="processData" doc:id="c7379ac2-5182-4bd2-8475-cd7c520f8319" >
		<http:listener doc:name="POST /processData" doc:id="2c18e673-5190-4d39-b697-05f7e052f9b2" config-ref="HTTP_Listener_config" path="/processData" allowedMethods="POST"/>
		<ee:transform doc:name="summary payload" doc:id="2ea0ec2d-22c7-48d1-94aa-529b34372457" >
			<ee:message >
				<ee:set-payload ><![CDATA[%dw 2.0
output application/json
---
{
	payload: payload as Array map ((object) ->
		{
			planeType: object.planeType,
			flightDate: object.takeOffDate,
			price: object.price
		}
	),
    destination: attributes.headers.destination,
    requesterID: attributes.headers.'requester-id',
	"flight-date-return": attributes.headers.'date'
}
]]></ee:set-payload>
			</ee:message>
			<ee:variables >
			</ee:variables>
		</ee:transform>
		<logger level="INFO" doc:name="process data summary" doc:id="a14ca1a7-43ef-4479-b0d1-56d15a01c3a0" message="#[payload]"/>
	</flow>
</mule>
